name,confidence,image,location,year,month,date,time,timestamp
person,0.45,detected_images/2022-09-12/1662917806.4172826_person.jpg,MOD,2022,09,12,00:36:46,1662917806.4206836
person,0.46,detected_images/2022-09-12/1662917811.482977_person.jpg,MOD,2022,09,12,00:36:51,1662917811.4870968
person,0.45,detected_images/2022-09-12/1662917816.5009072_person.jpg,MOD,2022,09,12,00:36:56,1662917816.5053406
person,0.48,detected_images/2022-09-12/1662917821.5647845_person.jpg,MOD,2022,09,12,00:37:01,1662917821.5690544
person,0.49,detected_images/2022-09-12/1662917826.6368005_person.jpg,MOD,2022,09,12,00:37:06,1662917826.6452868
person,0.44,detected_images/2022-09-12/1662917831.6564877_person.jpg,MOD,2022,09,12,00:37:11,1662917831.6634262
person,0.56,detected_images/2022-09-12/1662917836.6651292_person.jpg,MOD,2022,09,12,00:37:16,1662917836.669867
person,0.88,detected_images/2022-09-12/1662917841.728865_person.jpg,MOD,2022,09,12,00:37:21,1662917841.7373002
person,0.89,detected_images/2022-09-12/1662917846.809797_person.jpg,MOD,2022,09,12,00:37:26,1662917846.8210382
person,0.89,detected_images/2022-09-12/1662917851.900318_person.jpg,MOD,2022,09,12,00:37:31,1662917851.9130697
person,0.89,detected_images/2022-09-12/1662917856.9215634_person.jpg,MOD,2022,09,12,00:37:36,1662917856.9324863
person,0.89,detected_images/2022-09-12/1662919071.963553_person.jpg,MOD,2022,09,12,00:57:51,1662919071.975143
person,0.9,detected_images/2022-09-12/1662919077.0313735_person.jpg,MOD,2022,09,12,00:57:57,1662919077.0420408
person,0.89,detected_images/2022-09-12/1662919082.0832515_person.jpg,MOD,2022,09,12,00:58:02,1662919082.094144
person,0.89,detected_images/2022-09-12/1662919087.117152_person.jpg,MOD,2022,09,12,00:58:07,1662919087.1265798
person,0.88,detected_images/2022-09-12/1662919092.1529346_person.jpg,MOD,2022,09,12,00:58:12,1662919092.1629686
person,0.85,detected_images/2022-09-12/1662919097.2025375_person.jpg,MOD,2022,09,12,00:58:17,1662919097.2128994
person,0.84,detected_images/2022-09-12/1662919102.24688_person.jpg,MOD,2022,09,12,00:58:22,1662919102.258371
person,0.82,detected_images/2022-09-12/1662919107.3794217_person.jpg,MOD,2022,09,12,00:58:27,1662919107.3900185
person,0.84,detected_images/2022-09-12/1662919112.4978855_person.jpg,MOD,2022,09,12,00:58:32,1662919112.508801
person,0.82,detected_images/2022-09-12/1662919117.6028333_person.jpg,MOD,2022,09,12,00:58:37,1662919117.6126382
person,0.82,detected_images/2022-09-12/1662919122.7010827_person.jpg,MOD,2022,09,12,00:58:42,1662919122.710475
person,0.81,detected_images/2022-09-12/1662919127.801359_person.jpg,MOD,2022,09,12,00:58:47,1662919127.8108187
person,0.84,detected_images/2022-09-12/1662919132.815727_person.jpg,MOD,2022,09,12,00:58:52,1662919132.8256743
person,0.85,detected_images/2022-09-12/1662919137.8514397_person.jpg,MOD,2022,09,12,00:58:57,1662919137.8614643
person,0.82,detected_images/2022-09-12/1662919142.8878627_person.jpg,MOD,2022,09,12,00:59:02,1662919142.8979666
person,0.84,detected_images/2022-09-12/1662919147.9457893_person.jpg,MOD,2022,09,12,00:59:07,1662919147.9558325
person,0.79,detected_images/2022-09-12/1662919152.9964025_person.jpg,MOD,2022,09,12,00:59:13,1662919153.0053065
person,0.88,detected_images/2022-09-12/1662919187.74194_person.jpg,MOD,2022,09,12,00:59:47,1662919187.75126
person,0.88,detected_images/2022-09-12/1662919192.8492198_person.jpg,MOD,2022,09,12,00:59:52,1662919192.8581107
person,0.89,detected_images/2022-09-12/1662919197.8630393_person.jpg,MOD,2022,09,12,00:59:57,1662919197.8724604
person,0.9,detected_images/2022-09-12/1662919202.9580178_person.jpg,MOD,2022,09,12,01:00:02,1662919202.9675393
person,0.9,detected_images/2022-09-12/1662919207.9902887_person.jpg,MOD,2022,09,12,01:00:07,1662919207.9996717
person,0.9,detected_images/2022-09-12/1662919213.0352137_person.jpg,MOD,2022,09,12,01:00:13,1662919213.0443263
person,0.89,detected_images/2022-09-12/1662919218.0694635_person.jpg,MOD,2022,09,12,01:00:18,1662919218.0836763
person,0.88,detected_images/2022-09-12/1662919223.0957055_person.jpg,MOD,2022,09,12,01:00:23,1662919223.1067486
person,0.83,detected_images/2022-09-12/1662919228.197853_person.jpg,MOD,2022,09,12,01:00:28,1662919228.2097895
person,0.84,detected_images/2022-09-12/1662919233.221968_person.jpg,MOD,2022,09,12,01:00:33,1662919233.2327309
person,0.89,detected_images/2022-09-12/1662919266.9949396_person.jpg,MOD,2022,09,12,01:01:07,1662919267.004873
person,0.89,detected_images/2022-09-12/1662919272.0641778_person.jpg,MOD,2022,09,12,01:01:12,1662919272.074587
person,0.89,detected_images/2022-09-12/1662919277.1381626_person.jpg,MOD,2022,09,12,01:01:17,1662919277.148123
person,0.89,detected_images/2022-09-12/1662919282.1794407_person.jpg,MOD,2022,09,12,01:01:22,1662919282.1894598
person,0.88,detected_images/2022-09-12/1662919287.2397547_person.jpg,MOD,2022,09,12,01:01:27,1662919287.254616
person,0.88,detected_images/2022-09-12/1662919292.2747817_person.jpg,MOD,2022,09,12,01:01:32,1662919292.345672
person,0.88,detected_images/2022-09-12/1662919297.431112_person.jpg,MOD,2022,09,12,01:01:37,1662919297.4408932
person,0.89,detected_images/2022-09-12/1662919302.5045388_person.jpg,MOD,2022,09,12,01:01:42,1662919302.5145378
person,0.89,detected_images/2022-09-12/1662919307.5876265_person.jpg,MOD,2022,09,12,01:01:47,1662919307.6034503
person,0.89,detected_images/2022-09-12/1662919312.6741977_person.jpg,MOD,2022,09,12,01:01:52,1662919312.6907454
person,0.88,detected_images/2022-09-12/1662919317.7047012_person.jpg,MOD,2022,09,12,01:01:57,1662919317.7133172
person,0.84,detected_images/2022-09-12/1662919322.8267825_person.jpg,MOD,2022,09,12,01:02:02,1662919322.8376474
person,0.85,detected_images/2022-09-12/1662919327.8929017_person.jpg,MOD,2022,09,12,01:02:07,1662919327.9024596
person,0.87,detected_images/2022-09-12/1662919332.971849_person.jpg,MOD,2022,09,12,01:02:12,1662919332.9809902
person,0.84,detected_images/2022-09-12/1662919337.9841528_person.jpg,MOD,2022,09,12,01:02:17,1662919337.9942312
person,0.82,detected_images/2022-09-12/1662919342.9968185_person.jpg,MOD,2022,09,12,01:02:23,1662919343.0072806
person,0.8,detected_images/2022-09-12/1662919348.0627415_person.jpg,MOD,2022,09,12,01:02:28,1662919348.0732937
person,0.82,detected_images/2022-09-12/1662919353.1005435_person.jpg,MOD,2022,09,12,01:02:33,1662919353.119689
person,0.84,detected_images/2022-09-12/1662919358.1612332_person.jpg,MOD,2022,09,12,01:02:38,1662919358.170134
person,0.85,detected_images/2022-09-12/1662919363.1906025_person.jpg,MOD,2022,09,12,01:02:43,1662919363.19919
person,0.81,detected_images/2022-09-12/1662919368.2812421_person.jpg,MOD,2022,09,12,01:02:48,1662919368.299733
person,0.85,detected_images/2022-09-12/1662919373.3157208_person.jpg,MOD,2022,09,12,01:02:53,1662919373.3287165
person,0.81,detected_images/2022-09-12/1662919378.4240603_person.jpg,MOD,2022,09,12,01:02:58,1662919378.4338264
person,0.88,detected_images/2022-09-12/1662919417.8047273_person.jpg,MOD,2022,09,12,01:03:37,1662919417.817789
person,0.89,detected_images/2022-09-12/1662919422.9173431_person.jpg,MOD,2022,09,12,01:03:42,1662919422.9277778
person,0.87,detected_images/2022-09-12/1662919427.9288158_person.jpg,MOD,2022,09,12,01:03:47,1662919427.939132
person,0.88,detected_images/2022-09-12/1662919433.000829_person.jpg,MOD,2022,09,12,01:03:53,1662919433.015322
person,0.88,detected_images/2022-09-12/1662919438.1131423_person.jpg,MOD,2022,09,12,01:03:58,1662919438.1235209
person,0.88,detected_images/2022-09-12/1662919443.2083013_person.jpg,MOD,2022,09,12,01:04:03,1662919443.218897
person,0.89,detected_images/2022-09-12/1662919448.2577422_person.jpg,MOD,2022,09,12,01:04:08,1662919448.2682197
person,0.87,detected_images/2022-09-12/1662919453.2887306_person.jpg,MOD,2022,09,12,01:04:13,1662919453.298911
person,0.85,detected_images/2022-09-12/1662919458.351652_person.jpg,MOD,2022,09,12,01:04:18,1662919458.3619287
person,0.83,detected_images/2022-09-12/1662919463.4486818_person.jpg,MOD,2022,09,12,01:04:23,1662919463.459029
person,0.84,detected_images/2022-09-12/1662919468.5481346_person.jpg,MOD,2022,09,12,01:04:28,1662919468.5584798
person,0.85,detected_images/2022-09-12/1662919473.6156_person.jpg,MOD,2022,09,12,01:04:33,1662919473.6336236
person,0.84,detected_images/2022-09-12/1662919478.727089_person.jpg,MOD,2022,09,12,01:04:38,1662919478.7381382
person,0.8,detected_images/2022-09-12/1662919483.752815_person.jpg,MOD,2022,09,12,01:04:43,1662919483.7629416
person,0.85,detected_images/2022-09-12/1662919488.8670592_person.jpg,MOD,2022,09,12,01:04:48,1662919488.878783
person,0.89,detected_images/2022-09-12/1662919493.8812172_person.jpg,MOD,2022,09,12,01:04:53,1662919493.8918605
person,0.83,detected_images/2022-09-12/1662919498.942081_person.jpg,MOD,2022,09,12,01:04:58,1662919498.9515266
person,0.89,detected_images/2022-09-12/1662919533.9846787_person.jpg,MOD,2022,09,12,01:05:33,1662919533.994443
person,0.89,detected_images/2022-09-12/1662919539.0275338_person.jpg,MOD,2022,09,12,01:05:39,1662919539.0375497
person,0.9,detected_images/2022-09-12/1662919544.1167192_person.jpg,MOD,2022,09,12,01:05:44,1662919544.1263404
person,0.89,detected_images/2022-09-12/1662919549.1305459_person.jpg,MOD,2022,09,12,01:05:49,1662919549.1399195
person,0.88,detected_images/2022-09-12/1662919554.1850023_person.jpg,MOD,2022,09,12,01:05:54,1662919554.1924887
person,0.88,detected_images/2022-09-12/1662919559.206926_person.jpg,MOD,2022,09,12,01:05:59,1662919559.2154143
person,0.87,detected_images/2022-09-12/1662919564.2511797_person.jpg,MOD,2022,09,12,01:06:04,1662919564.260214
person,0.89,detected_images/2022-09-12/1662919569.2813978_person.jpg,MOD,2022,09,12,01:06:09,1662919569.2905128
person,0.89,detected_images/2022-09-12/1662919574.358307_person.jpg,MOD,2022,09,12,01:06:14,1662919574.3678865
person,0.89,detected_images/2022-09-12/1662919579.3872979_person.jpg,MOD,2022,09,12,01:06:19,1662919579.3969622
person,0.88,detected_images/2022-09-12/1662919584.4300454_person.jpg,MOD,2022,09,12,01:06:24,1662919584.4415684
person,0.88,detected_images/2022-09-12/1662919589.4694548_person.jpg,MOD,2022,09,12,01:06:29,1662919589.4793086
person,0.87,detected_images/2022-09-12/1662919594.5530782_person.jpg,MOD,2022,09,12,01:06:34,1662919594.5640583
person,0.86,detected_images/2022-09-12/1662919599.615743_person.jpg,MOD,2022,09,12,01:06:39,1662919599.626711
person,0.89,detected_images/2022-09-12/1662919604.6900449_person.jpg,MOD,2022,09,12,01:06:44,1662919604.7013586
person,0.89,detected_images/2022-09-12/1662919609.7294626_person.jpg,MOD,2022,09,12,01:06:49,1662919609.7415457
person,0.84,detected_images/2022-09-12/1662919614.8251011_person.jpg,MOD,2022,09,12,01:06:54,1662919614.8362772
person,0.86,detected_images/2022-09-12/1662919619.9184752_person.jpg,MOD,2022,09,12,01:06:59,1662919619.9306138
person,0.89,detected_images/2022-09-12/1662919651.927383_person.jpg,MOD,2022,09,12,01:07:31,1662919651.9365506
person,0.89,detected_images/2022-09-12/1662919657.0180542_person.jpg,MOD,2022,09,12,01:07:37,1662919657.0271306
person,0.82,detected_images/2022-09-12/1662919662.1137118_person.jpg,MOD,2022,09,12,01:07:42,1662919662.1234276
person,0.86,detected_images/2022-09-12/1662919865.1831427_person.jpg,MOD,2022,09,12,01:11:05,1662919865.1912014
person,0.86,detected_images/2022-09-12/1662919870.2744915_person.jpg,MOD,2022,09,12,01:11:10,1662919870.284721
person,0.86,detected_images/2022-09-12/1662919875.3667476_person.jpg,MOD,2022,09,12,01:11:15,1662919875.3767242
person,0.83,detected_images/2022-09-12/1662919880.3788085_person.jpg,MOD,2022,09,12,01:11:20,1662919880.3888302
person,0.83,detected_images/2022-09-12/1662919885.4366198_person.jpg,MOD,2022,09,12,01:11:25,1662919885.4465141
person,0.83,detected_images/2022-09-12/1662919890.530833_person.jpg,MOD,2022,09,12,01:11:30,1662919890.5405838
person,0.86,detected_images/2022-09-12/1662919895.5637574_person.jpg,MOD,2022,09,12,01:11:35,1662919895.5732021
person,0.81,detected_images/2022-09-12/1662919900.671443_person.jpg,MOD,2022,09,12,01:11:40,1662919900.6808476
person,0.85,detected_images/2022-09-12/1662919905.7542617_person.jpg,MOD,2022,09,12,01:11:45,1662919905.7637894
person,0.84,detected_images/2022-09-12/1662919910.8249316_person.jpg,MOD,2022,09,12,01:11:50,1662919910.8341956
person,0.8,detected_images/2022-09-12/1662919915.8688102_person.jpg,MOD,2022,09,12,01:11:55,1662919915.8874695
person,0.79,detected_images/2022-09-12/1662919920.9569428_person.jpg,MOD,2022,09,12,01:12:00,1662919920.9718006
person,0.83,detected_images/2022-09-12/1662919925.97698_person.jpg,MOD,2022,09,12,01:12:05,1662919925.986861
person,0.82,detected_images/2022-09-12/1662919931.0748456_person.jpg,MOD,2022,09,12,01:12:11,1662919931.0843503
person,0.82,detected_images/2022-09-12/1662919936.1633904_person.jpg,MOD,2022,09,12,01:12:16,1662919936.1802077
person,0.84,detected_images/2022-09-12/1662919941.1957974_person.jpg,MOD,2022,09,12,01:12:21,1662919941.205666
person,0.82,detected_images/2022-09-12/1662919946.3061063_person.jpg,MOD,2022,09,12,01:12:26,1662919946.3237028
